date, worldnews, news, funny, gaming, pics, science,  videos, AskReddit, aww, askscience, Tinder, BlackPeopleTwitter, politics, dankmemes, memes, PoliticalHumor, WhitePeopleTwitter, ABoringDystopia, Conservative, nottheonion, LateStageCapitalism
2020-04-28,52,4,7,0,3,7,9,0,1,4,1,1,26,0,0,0,2,12,27,16,13
2020-04-29,46,3,9,2,7,12,4,0,5,4,1,2,25,0,2,1,3,15,11,18,15
2020-04-30,44,1,11,0,6,18,5,0,2,2,4,3,30,3,1,3,1,18,18,13,13
2020-05-01,45,2,6,2,4,12,7,0,1,5,5,3,38,0,5,0,1,14,13,13,13
2020-05-02,34,3,5,0,1,3,3,0,1,3,1,4,31,0,0,1,2,13,26,8,12
2020-05-03,41,1,6,2,3,4,5,0,1,3,3,3,39,1,1,2,2,10,23,7,7
2020-05-04,37,0,7,3,1,11,3,0,2,3,1,3,29,2,4,4,3,8,18,6,11
2020-05-05,29,3,6,1,1,9,7,0,1,1,0,3,32,2,0,6,0,12,21,6,11
2020-05-07,41,0,3,3,4,12,4,3,0,4,1,3,24,0,2,2,3,17,16,14,8
2020-05-08,41,3,6,2,0,13,5,1,3,3,0,1,33,0,1,4,4,15,8,12,11
2020-05-09,43,2,4,6,4,16,8,3,1,2,1,0,44,0,0,2,0,10,25,7,10
2020-05-10,44,1,5,1,3,7,3,4,3,6,2,1,43,0,0,6,0,8,24,10,4
2020-05-11,33,0,7,1,1,21,7,1,1,5,2,1,26,3,2,0,1,5,18,13,3
2020-05-12,37,2,1,1,6,22,3,3,1,6,2,2,25,1,0,1,1,7,15,7,10
2020-05-13,42,3,5,0,3,14,3,4,5,6,1,2,20,0,0,2,3,9,16,8,7
2020-05-14,38,0,6,1,9,23,5,0,2,3,0,1,36,1,1,3,3,9,26,12,12
2020-05-15,34,2,9,0,3,21,7,1,3,6,0,1,29,0,2,2,0,16,21,10,10
2020-05-16,34,4,7,2,0,12,5,4,2,6,2,0,37,2,1,1,0,13,23,4,10
2020-05-17,34,1,2,0,4,4,3,2,1,5,2,1,24,0,1,3,1,14,20,5,13
2020-05-18,34,1,3,3,2,5,2,2,2,7,1,2,21,0,1,1,5,13,13,5,11
2020-05-19,32,5,4,0,1,17,3,3,1,10,1,3,27,0,1,3,3,16,12,5,13
2020-05-20,30,6,3,3,5,18,8,5,1,9,0,1,28,1,2,1,3,12,12,7,13
2020-05-21,23,0,2,1,2,14,1,5,3,6,0,1,15,2,0,1,2,13,20,4,11
2020-05-22,30,1,2,0,1,14,4,4,0,2,1,1,15,0,1,2,4,10,16,4,7
2020-05-23,29,2,3,0,9,8,3,0,1,3,1,1,23,1,1,5,1,10,15,7,8
2020-05-24,26,2,4,1,7,6,4,2,2,2,1,1,15,0,1,2,1,7,18,4,6
2020-05-25,34,2,4,1,2,7,5,2,1,2,0,2,22,1,4,1,2,11,21,5,8
2020-05-26,30,0,4,4,3,10,3,3,0,4,2,0,8,2,1,4,0,10,8,4,7
2020-05-27,19,4,1,1,2,12,3,1,3,6,1,0,23,0,1,3,1,4,15,7,5
2020-05-28,9,0,1,1,0,9,3,4,1,5,0,0,15,0,2,2,0,11,12,9,5
2020-05-29,27,4,3,0,2,8,0,1,0,2,1,0,6,1,1,0,2,2,12,13,4
2020-05-30,22,1,5,2,0,10,4,3,1,2,0,1,4,2,1,2,1,0,4,7,2
2020-06-03,21,1,0,1,0,12,1,0,0,0,1,1,6,0,0,0,1,2,6,2,3
2020-06-04,27,1,2,1,4,13,4,2,0,1,0,2,7,2,0,0,0,4,7,11,2
2020-06-05,20,1,2,0,1,10,2,0,0,1,1,0,3,0,0,1,0,2,7,13,1
2020-06-06,33,2,0,1,2,7,3,0,0,2,1,0,9,0,0,0,0,0,5,9,2
2020-06-07,21,1,1,0,1,6,2,0,2,5,1,0,6,1,0,1,0,0,2,8,2
2020-06-09,22,3,2,0,7,7,3,1,0,6,0,0,2,1,1,0,0,3,6,3,3
2020-06-09,24,2,1,0,3,6,2,0,1,4,0,0,12,1,1,2,0,3,6,5,1
2020-06-10,12,1,1,0,1,9,1,2,1,0,0,0,7,0,0,0,0,1,3,5,2
2020-06-11,11,1,2,0,2,9,1,0,0,2,2,0,14,0,0,3,0,4,7,4,2
2020-06-12,22,0,0,0,3,8,2,1,0,5,0,0,14,0,0,2,1,7,2,8,6
2020-06-13,15,0,4,0,4,6,3,2,0,2,0,0,8,0,1,0,0,4,8,8,4
2020-06-14,16,2,0,0,1,5,2,2,1,3,2,0,12,1,0,1,1,6,5,5,6
2020-06-15,18,1,3,2,2,7,3,2,1,4,1,1,18,0,0,5,1,7,11,3,4
2020-06-16,20,2,2,0,2,9,4,2,0,3,0,2,11,0,1,0,0,5,5,4,8
2020-06-17,12,0,2,0,3,6,1,2,0,4,0,2,15,1,1,1,0,3,5,9,5
2020-06-18,11,0,3,0,2,12,2,1,1,2,1,3,12,0,0,3,2,5,3,7,9
2020-06-19,13,2,2,0,1,13,2,0,0,2,0,2,7,0,1,5,0,6,5,11,2
2020-06-20,21,1,2,0,1,6,1,1,0,5,0,0,17,0,1,2,2,5,3,14,3
2020-06-21,20,2,2,0,0,3,3,1,1,3,2,0,4,0,0,0,1,5,2,1,4
2020-06-22,15,0,2,0,1,8,1,1,0,5,2,0,19,1,0,1,1,6,3,1,4
2020-06-23,19,0,1,0,1,12,3,0,0,5,0,0,15,0,1,2,2,3,6,7,4
2020-06-24,22,0,2,0,1,12,0,2,0,8,0,0,21,0,1,3,1,4,7,8,5
2020-06-25,13,0,1,0,1,11,1,3,1,5,2,2,26,0,0,3,0,6,5,12,6
2020-06-26,23,0,2,1,0,13,1,1,0,3,1,2,22,0,0,0,1,5,9,11,6
2020-06-27,22,0,0,0,0,11,0,2,0,4,0,0,14,2,1,2,1,3,5,11,3
2020-06-28,26,1,1,0,0,8,1,0,0,1,0,1,16,0,0,2,2,1,3,9,6
2020-06-29,27,4,2,0,3,10,2,1,0,4,1,1,17,0,2,0,4,2,4,5,9
2020-06-30,13,0,2,1,1,10,4,1,0,4,1,0,17,1,1,1,1,1,7,4,3
2020-07-01,12,2,1,0,1,8,4,2,1,2,1,0,14,1,1,2,1,4,9,11,4
2020-07-02,16,1,3,0,0,10,2,1,0,4,1,0,26,0,1,1,4,5,9,6,6
2020-07-03,15,3,3,1,0,9,1,2,0,5,0,0,29,0,0,3,2,6,10,11,5
2020-07-04,27,1,0,1,1,10,4,2,1,6,0,0,18,1,0,1,0,7,2,14,2
2020-07-05,17,2,0,0,1,5,4,4,0,8,1,1,22,0,0,2,0,5,6,4,4
2020-07-06,23,0,2,0,1,7,1,3,1,10,0,2,21,1,0,1,1,7,10,3,6
2020-07-08,18,3,3,1,2,5,2,2,1,4,0,0,23,0,0,0,1,5,6,2,5
2020-07-08,14,2,0,2,1,6,2,0,0,6,0,1,22,0,0,3,4,8,9,7,5
2020-07-09,26,0,2,3,2,10,6,0,0,5,1,1,12,1,1,0,1,4,6,14,8
2020-07-10,14,3,3,0,2,16,1,4,0,7,2,0,20,0,0,3,1,8,9,12,6
2020-07-11,19,2,0,1,4,15,1,4,2,4,1,0,20,0,1,3,1,10,7,10,6
2020-07-12,20,2,4,0,2,17,5,0,1,1,2,0,17,0,0,3,2,9,5,5,6
2020-07-13,16,1,1,1,0,13,2,1,1,4,2,0,20,0,0,1,3,12,8,2,4
2020-07-14,21,0,1,2,0,19,3,3,0,4,0,0,7,0,0,1,1,7,5,8,5
2020-07-15,21,4,3,2,3,20,2,4,1,7,0,1,25,0,0,5,0,8,6,11,3
2020-07-16,29,1,2,0,0,22,2,1,0,7,2,2,18,0,0,0,1,9,9,7,6
2020-07-17,24,0,2,1,1,16,3,2,1,6,0,2,13,1,0,1,2,6,16,6,5
2020-07-18,27,2,1,1,3,10,4,4,0,9,0,1,21,0,0,2,0,8,4,3,4
2020-07-19,20,0,1,1,4,9,5,2,0,7,1,0,15,0,0,5,0,6,3,8,5
2020-07-20,26,2,2,0,0,4,2,2,1,7,1,0,13,1,1,2,3,6,8,6,5
2020-07-21,28,0,4,0,1,12,4,1,1,8,0,0,11,2,0,0,2,5,10,8,6
2020-07-22,22,2,6,0,3,18,4,5,0,8,1,0,20,1,0,0,1,9,7,5,5
2020-07-23,16,1,3,0,6,17,2,0,0,7,0,0,11,0,0,1,0,7,8,6,5
2020-07-24,12,2,0,0,1,23,3,1,0,5,1,1,3,0,0,1,1,8,3,14,5
2020-07-25,31,1,2,0,0,20,1,2,0,5,0,1,17,0,0,3,0,8,5,13,2
2020-07-27,18,0,0,0,2,7,0,1,0,2,2,0,14,0,0,1,2,2,9,2,4
2020-07-27,22,2,7,0,1,20,4,0,0,3,0,1,12,0,2,2,3,7,12,10,5
2020-07-28,18,0,1,0,2,16,3,1,0,3,1,1,15,0,1,3,1,12,5,8,2
2020-07-29,18,1,2,1,2,10,4,1,1,3,0,0,19,0,0,2,0,10,9,10,5
2020-07-30,18,0,1,2,1,13,5,0,0,1,0,0,9,0,1,3,2,4,8,10,5
2020-08-02,17,2,7,0,1,5,1,3,0,3,1,2,14,0,1,1,2,8,10,7,2
2020-08-03,16,0,0,0,0,11,3,3,0,0,0,3,16,1,0,0,1,13,9,9,5
2020-08-04,11,1,1,0,1,17,2,3,1,1,0,1,10,0,0,1,0,9,7,6,5
2020-08-05,13,1,2,0,1,13,3,1,0,0,1,0,27,0,0,1,1,7,12,3,2
2020-08-06,12,2,2,0,4,6,3,4,0,1,0,2,15,0,0,2,0,7,6,2,2
2020-08-07,14,0,2,1,1,12,1,1,0,5,0,2,7,0,0,1,1,13,12,5,3
2020-08-08,20,3,2,2,3,9,2,4,1,6,1,0,22,0,0,2,1,9,14,2,4
2020-08-09,16,1,2,0,1,3,0,3,0,4,0,0,20,0,0,1,0,7,8,5,3
2020-08-10,15,6,5,0,3,5,1,2,1,2,0,1,23,1,1,4,0,6,4,5,4
2020-08-11,27,17,1,0,0,10,0,3,1,2,0,1,10,0,0,1,0,11,4,9,6
2020-08-12,22,7,1,0,1,12,0,0,0,4,1,1,17,0,0,2,2,8,9,11,3
2020-08-13,19,5,2,0,1,12,2,3,0,3,1,1,3,1,0,0,1,3,3,14,4
2020-08-14,11,18,1,0,1,16,0,3,0,3,0,0,6,1,1,0,1,7,6,9,1
2020-08-15,13,11,1,1,3,9,0,3,1,4,2,1,5,0,0,1,1,6,3,5,4
2020-08-16,22,14,0,0,0,5,0,1,1,4,4,2,12,1,1,0,2,8,7,5,3
2020-08-17,19,10,3,1,1,9,0,0,0,0,1,2,6,0,0,1,0,8,6,6,5
2020-08-18,16,12,0,0,1,6,1,4,0,1,1,2,4,0,0,1,0,6,5,6,4
2020-08-19,17,8,0,0,1,5,1,0,1,6,0,0,3,1,0,1,2,4,4,5,5
2020-08-20,25,12,1,0,1,6,0,1,1,7,0,1,4,0,0,1,2,7,1,5,6
2020-08-21,17,11,1,0,0,7,2,6,0,4,0,1,9,0,0,3,0,4,11,6,7
2020-08-22,20,17,0,1,5,5,1,3,1,1,0,0,6,0,1,0,0,6,5,6,4
2020-08-23,17,9,0,0,0,8,1,2,0,1,0,0,13,0,1,1,0,5,12,7,1
2020-08-24,24,13,1,0,1,7,3,2,1,3,0,0,9,1,0,1,1,4,10,7,1
2020-08-25,19,12,0,1,2,3,3,4,0,3,0,0,3,0,1,1,0,7,4,4,1
2020-08-26,11,8,0,1,1,6,0,4,0,2,0,1,6,0,0,0,0,8,4,10,2
2020-08-27,13,11,1,0,1,7,3,0,0,1,0,1,11,0,0,0,1,7,5,7,2
2020-08-28,20,12,1,0,0,10,1,2,0,1,0,1,5,0,0,3,0,8,3,4,4
2020-08-29,22,14,1,0,3,9,0,1,0,2,0,2,7,0,0,1,1,3,8,5,1
2020-08-30,16,7,0,1,2,2,0,3,0,2,0,1,6,0,1,1,0,6,6,4,2
2020-08-31,12,9,1,0,0,4,4,2,0,3,0,0,2,0,0,0,2,7,2,3,1
2020-09-01,13,8,1,1,1,4,1,4,1,1,0,0,15,0,0,2,0,6,8,4,1
2020-09-02,11,21,0,0,3,18,1,1,0,0,0,0,6,0,1,1,1,6,5,9,4
2020-09-03,13,3,0,0,1,24,0,2,0,1,0,1,6,0,1,2,1,5,5,11,3
2020-09-04,12,5,0,0,0,16,0,0,0,0,0,2,4,0,0,1,1,7,4,7,5
2020-09-05,19,10,0,0,1,9,0,0,1,2,1,1,1,0,0,1,1,3,3,8,3
2020-09-06,19,8,0,0,0,2,2,0,1,1,1,0,5,0,0,0,1,6,2,6,6
2020-09-07,20,8,1,0,1,2,1,0,0,0,1,0,13,0,0,2,1,7,5,3,2
2020-09-08,18,12,2,1,0,4,2,1,0,1,1,0,6,0,0,0,4,2,7,6,1
2020-09-09,13,7,0,0,1,6,1,2,3,1,0,0,22,0,0,1,0,8,10,7,4
2020-09-10,12,10,2,0,1,6,1,2,0,0,1,0,12,0,0,5,1,8,11,8,5
2020-09-11,16,13,0,0,2,10,1,1,0,1,0,1,13,0,0,1,1,8,10,5,3
2020-09-12,11,7,1,0,1,11,0,1,0,5,0,1,11,0,0,2,1,5,6,4,4
2020-09-13,18,5,2,1,1,7,1,3,0,3,0,0,16,0,1,3,0,3,2,5,4
2020-09-14,18,5,3,0,1,10,1,3,1,3,1,0,8,0,0,1,0,7,9,2,5
2020-09-15,14,5,1,0,0,7,0,1,0,3,1,0,21,0,0,1,1,4,4,0,3
2020-09-16,15,8,2,0,1,5,2,0,0,3,1,0,17,0,0,3,2,8,13,2,2
2020-09-17,10,9,2,1,0,7,2,0,0,3,0,2,13,0,0,0,1,8,13,4,8
2020-09-18,18,8,3,0,1,8,1,1,0,2,0,2,6,0,0,0,0,4,5,1,4
2020-09-19,16,9,0,1,0,10,0,3,0,2,2,0,8,0,0,2,1,1,4,4,4
2020-09-20,13,6,0,0,0,8,3,0,0,4,1,1,6,0,0,1,0,3,4,2,3
2020-09-21,21,3,1,0,1,10,1,0,0,5,2,1,4,0,1,2,1,12,7,1,5
2020-09-22,16,6,1,0,1,18,1,4,0,1,0,0,13,0,0,0,1,11,4,2,3
2020-09-23,14,5,0,0,2,19,1,0,0,1,0,0,8,0,0,2,0,5,1,1,5
2020-09-24,16,8,0,0,1,16,2,1,0,3,0,0,8,0,0,0,0,4,1,6,4
2020-09-25,13,7,1,0,1,14,1,1,0,2,0,0,9,0,0,0,0,6,6,6,2
2020-09-26,18,9,0,0,3,9,1,0,0,3,0,0,8,0,0,2,0,6,3,5,2
2020-09-27,15,5,0,0,1,7,1,3,0,4,0,1,4,0,2,0,0,2,1,4,3
2020-09-28,17,4,4,0,1,4,0,3,0,3,0,1,7,0,0,0,0,4,11,4,6
2020-09-29,8,5,1,0,0,9,0,1,0,1,2,0,2,0,0,1,1,5,5,4,1
2020-09-30,11,11,2,0,0,15,1,2,0,0,1,0,5,0,0,0,0,5,2,1,0
2020-10-01,18,12,0,0,2,15,2,2,0,0,0,0,17,0,0,5,2,5,7,5,3
2020-10-02,22,16,2,1,1,10,2,1,0,2,1,2,58,0,2,6,5,6,34,3,8
2020-10-03,16,6,2,1,1,5,0,1,0,2,1,2,29,0,0,9,6,8,15,3,3
2020-10-04,23,9,0,0,0,4,1,4,0,1,0,0,34,0,1,8,3,8,13,9,10
2020-10-05,12,10,3,1,3,6,3,2,0,2,0,1,32,0,0,9,5,10,16,9,4
2020-10-06,13,14,0,0,2,18,1,4,0,3,0,0,20,0,0,6,1,8,16,4,2
2020-10-07,14,15,0,0,1,18,2,1,0,6,0,1,11,0,1,4,3,7,9,1,7
2020-10-08,14,10,1,1,3,13,3,1,1,3,0,1,24,0,1,4,1,5,7,2,3
2020-10-09,15,7,0,0,0,13,1,1,0,3,0,0,16,0,0,3,1,2,8,0,7
2020-10-10,16,8,3,0,0,11,1,1,0,3,0,0,15,0,0,4,1,3,6,3,3
2020-10-11,28,14,3,0,0,10,0,2,0,3,0,0,15,0,0,2,3,3,6,4,3
2020-10-12,35,15,3,1,1,18,0,3,0,3,0,0,21,0,1,2,0,6,10,3,5
2020-10-13,18,7,1,0,1,16,1,4,0,2,0,0,15,1,0,3,1,11,10,7,6
2020-10-14,20,15,0,0,0,12,3,2,0,2,1,0,12,0,0,0,1,7,5,7,5
2020-10-15,14,17,2,0,1,17,1,4,0,3,0,0,8,0,0,0,0,6,1,7,4
2020-10-16,12,14,0,0,1,12,1,1,0,3,0,1,6,0,0,2,0,4,5,7,2
2020-10-17,20,12,0,2,1,5,3,2,0,4,1,0,12,0,0,0,2,5,5,8,3
2020-10-18,17,8,0,0,1,4,2,0,1,6,1,0,16,0,0,1,2,3,4,2,3
2020-10-19,20,19,1,1,1,6,1,1,0,2,0,0,6,0,0,2,2,1,4,9,0
2020-10-20,10,11,2,1,0,10,2,3,0,2,1,0,9,1,1,0,0,2,3,8,3
2020-10-21,17,8,1,0,1,9,2,2,0,4,0,0,12,1,1,0,0,4,4,7,2
2020-10-22,8,10,1,0,1,8,1,1,0,3,0,1,7,0,1,1,2,1,3,5,0
2020-10-23,12,10,1,0,0,8,0,3,0,5,0,2,11,0,1,1,1,5,1,5,3
2020-10-24,15,16,0,0,1,11,1,2,2,7,0,1,26,0,0,0,2,5,6,2,4
2020-10-25,14,9,0,0,2,8,0,1,0,5,0,0,17,0,0,4,1,0,5,5,5
2020-10-26,21,11,2,0,3,7,1,1,0,3,1,0,15,0,0,2,4,3,0,9,6
2020-10-27,20,18,2,0,1,12,1,1,0,1,0,1,6,0,0,2,0,3,3,8,3
2020-10-28,24,12,2,0,2,11,2,2,0,2,0,1,14,0,0,2,2,4,6,10,2
2020-10-29,17,13,1,1,1,12,2,5,0,3,0,1,10,1,0,4,0,8,5,7,1
2020-10-30,16,9,1,1,1,15,1,2,0,1,0,1,10,0,1,4,0,9,3,9,5
2020-10-31,28,9,2,0,3,13,3,1,0,1,0,0,10,0,1,2,1,8,6,10,4
2020-11-01,17,10,2,1,1,12,2,2,0,4,1,1,8,0,0,1,2,5,4,6,2
2020-11-02,14,9,0,0,1,9,2,0,0,9,0,1,6,0,1,0,1,4,1,3,2
2020-11-03,15,6,0,0,0,10,1,2,0,8,0,0,1,0,0,0,0,3,1,2,3
2020-11-04,17,5,1,0,0,12,1,1,0,3,0,0,2,0,0,1,1,3,2,7,2
2020-11-05,16,7,0,0,0,15,2,2,0,2,1,0,0,0,1,0,0,3,1,9,4
